state,total_amount
maharashtra,21711613257.725376
karnataka,19217895314.013504
uttar-pradesh,13939970923.222658
